,treatyNum,prec1,prec3,prec4,oblig1,oblig2,oblig3,oblig4,oblig5,deleg1,deleg2,deleg3,flexibility,withdrawal
195,10030,y,23,y,n,y,y,5.0,y,IO,n,y,n,y
776,1013,N,1,N,N,N,N,,N,N,N,N,N,N
687,1016,Y,12,N,N,Y,Y,4.0,Y,Y,N,Y,Y,Y
729,102,Y,61,Y,Y,Y,Y,4.0,Y,Y,Y,Y,Y,Y
196,10201,y,7,n,y,y,y,5.0,y,n,y,n,n,y
197,10265,y,1,n,n,n,n,3.0,n,n,n,n,n,n
198,10303,y,7,n,n,y,y,3.0,y,n,n,n,y,y
199,10336,y,13,n,n,y,y,2.0,n,n,n,n,y,y
200,10405,y,1,n,n,n,n,3.0,n,n,n,n,n,n
686,1041,Y,12,N,N,Y,N,3.0,Y,Y,Y,Y,N,Y
886,10485,Y,7,N,N,N,N,2.0,N,Y,N,N,Y,Y
201,10520,y,18,n,y,y,y,3.0,n,y,y,y,y,y
202,10553,y,4,y,y,y,n,3.0,n,n,n,n,n,y
203,10565,y,3,n,n,y,y,4.0,n,y,n,n,n,y
204,10683,y,8,y,n,y,y,4.0,n,y,y,n,n,y
685,1070,Y,10,N,N,N,N,3.0,N,Y,N,N,Y,Y
205,10707,y,6,n,n,y,y,5.0,y,n,n,n,n,y
206,10722,y,7,n,y,y,y,4.0,n,y,n,n,n,y
728,108,Y,16,N,N,Y,N,4.0,N,Y,Y,Y,N,Y
207,10861,y,8,y,n,y,y,5.0,n,y,y,y,n,y
208,10901,y,15,y,y,n,y,4.0,n,y,y,y,n,n
209,11067,y,3,n,n,y,n,5.0,y,n,n,n,n,y
887,11211,Y,14,N,Y,N,N,2.0,N,Y,Y,Y,Y,Y
885,11212,Y,6,N,N,N,N,2.0,Y,N,N,N,Y,Y
888,11214,Y,7,Y,N,N,N,2.0,N,Y,N,N,N,Y
210,11263,y,2,n,n,n,y,3.0,y,n,n,n,n,n
211,11342,y,4,y,n,n,y,4.0,y,n,n,n,n,y
889,11354,Y,12,N,Y,Y,Y,3.0,N,Y,Y,Y,N,Y
212,11377,y,4,y,y,n,y,4.0,n,n,n,n,n,y
890,11408,Y,11,Y,N,Y,Y,3.0,N,Y,Y,N,N,Y
213,11548,y,3,y,y,n,y,4.0,y,y,n,y,n,n
214,11607,y,3,n,n,n,n,2.0,n,n,y,n,n,y
215,11614,y,9,y,n,y,y,4.0,y,y,n,y,n,y
216,11650,y,9,y,y,y,y,4.0,n,n,n,n,n,y
217,11781,y,1,n,n,y,y,3.0,n,n,n,n,n,n
777,1180,Y,3,N,N,N,N,2.0,N,N,N,N,N,Y
218,11849,y,12,n,n,y,y,3.0,n,y,n,y,n,y
891,11929,Y,5,Y,N,N,Y,4.0,Y,Y,N,N,N,Y
893,11930,Y,5,Y,N,N,N,2.0,Y,N,N,N,N,Y
219,12024,y,5,n,n,n,y,5.0,n,y,n,n,n,n
220,12031,y,6,y,n,y,y,4.0,y,y,n,n,n,y
221,12048,y,2,n,n,n,y,3.0,n,n,n,n,n,y
222,12172,y,2,n,n,y,n,4.0,n,y,y,y,n,n
223,12175,y,3,n,n,n,n,3.0,n,y,n,n,n,y
224,12176,n,2,n,n,n,y,5.0,n,y,n,n,n,y
225,12202,y,1,n,n,n,n,5.0,n,n,n,n,n,n
226,12226,n,2,y,n,n,y,5.0,n,n,n,n,n,n
227,12292,y,10,y,n,y,y,4.0,y,n,n,n,n,y
684,1230,,2,,,,,,,,,,,
228,12307,y,7,y,n,y,y,3.0,n,y,n,y,n,y
229,12507,y,6,n,y,y,y,3.0,y,y,y,n,n,y
230,12524,y,3,n,y,y,y,3.0,n,y,y,y,n,y
231,12615,y,10,y,n,n,n,4.0,n,n,n,n,n,y
270,12626,Y,2,Y,Y,N,N,4.0,N,N,N,N,N,N
271,12646,Y,12,N,N,N,N,4.0,Y,N,N,N,N,Y
272,12812,Y,12,N,N,N,N,4.0,N,N,N,N,N,Y
273,12831,Y,3,N,N,N,N,4.0,N,N,N,N,N,N
694,1296,Y,8,N,N,Y,N,3.0,N,Y,Y,Y,N,Y
274,13064,Y,4,N,Y,N,N,2.0,Y,Y,Y,N,Y,Y
275,13100,Y,5,N,N,N,N,3.0,N,N,N,N,N,Y
276,13107,Y,6,Y,Y,N,N,3.0,N,N,N,N,Y,Y
277,13175,Y,2,N,N,N,N,2.0,N,N,Y,N,N,Y
278,13219,Y,2,N,N,N,N,3.0,N,N,N,N,N,N
894,13270,Y,2,Y,N,N,N,1.0,N,Y,N,N,N,N
279,13352,Y,15,N,N,Y,N,4.0,N,N,N,N,N,N
691,1340,Y,16,N,N,Y,Y,3.0,N,Y,N,Y,Y,Y
280,13402,Y,3,Y,N,N,N,3.0,N,N,N,N,N,Y
895,13442,Y,5,Y,N,Y,N,2.0,N,Y,N,N,Y,Y
896,13446,Y,2,N,N,N,N,2.0,M,N,N,N,N,N
281,13471,Y,2,N,N,N,N,2.0,N,N,N,N,N,N
282,13491,Y,11,N,Y,Y,N,4.0,N,Y,N,Y,N,Y
283,13504,N,1,N,N,N,N,,N,N,N,N,N,N
284,13558,Y,2,N,N,N,N,3.0,N,N,N,N,N,N
897,13561,Y,8,Y,Y,N,N,3.0,N,Y,N,N,Y,Y
285,13593,Y,2,N,N,N,N,3.0,N,N,N,N,N,N
898,13668,Y,10,Y,Y,Y,Y,3.0,N,Y,Y,Y,Y,Y
899,13695,Y,5,N,N,N,N,2.0,N,Y,Y,N,N,Y
900,13747,Y,3,N,N,N,N,1.0,N,Y,N,N,N,N
286,13766,N,1,N,N,N,N,,N,N,N,N,N,N
287,13774,N,1,N,N,N,N,,N,N,N,N,N,N
688,1379,Y,7,N?,Y,N,N,4.0,N,Y,Y,N,Y,Y
901,13809,Y,1,N,N,N,N,2.0,N,Y,N,Y,N,N
902,13899,Y,8,Y,N,Y,N,3.0,N,Y,N,Y,Y,Y
288,13956,Y,10,Y,N,Y,N,4.0,Y,Y,N,Y,N,Y
289,14006,Y,10,N,Y,Y,N,4.0,N,Y,N,Y,N,Y
903,14097,Y,8,Y,N,N,N,2.0,Y,Y,N,Y,N,Y
290,14105,Y,3,N,N,Y,N,3.0,N,N,N,N,N,N
485,14152,Y,58,N,Y,Y,N,4.0,N,Y,N,Y,Y,Y
484,14287,Y,9,N,N,Y,N,4.0,N,Y,Y,Y,N,Y
483,14403,Y,17,Y,N,Y,Y,3.0,N,N,Y,N,N,Y
292,14451,Y,2,N,N,N,N,2.0,N,N,N,N,N,Y
293,14557,Y,4,N,Y,Y,N,4.0,N,Y,N,Y,N,Y
482,14604,Y,16,N,Y,Y,N,3.0,Y?,Y,Y,N,Y,Y
294,14607,Y,6,Y,Y,N,N,4.0,N,Y,Y,N,Y,Y
295,14629,Y,3,N,N,N,N,2.0,N,N,N,N,N,Y
296,14630,Y,8,N,N,Y,N,2.0,N,N,N,N,N,N
297,14650,Y,4,Y,Y,Y,N,3.0,N,Y*,Y*,N,N,Y
298,14666,Y,2,N,N,N,N,2.0,N,N,Y,N,N,Y
158,14668,y,16,y,n,y,y,3.0,y,y,y,y,y,y
480,14696,Y,14,N,N,Y,Y,3.0,N,Y,Y,Y,Y,Y
300,14765,Y,5,Y,N,N,N,4.0,N,N,N,N,N,N
301,14895,Y,2,N,N,N,N,3.0,N,N,N,N,N,N
734,15,Y,36,Y,Y,N,Y,4.0,Y,Y,Y,N,Y,Y
302,15039,Y,3,N,N,N,N,2.0,N,N,N,N,N,Y
303,15110,Y,3,Y,N,N,N,2.0,N,Y,Y,Y,N,Y
479,15147,Y,16,Y,Y,Y,Y,4.0,N,N,Y,N,Y,Y
304,15238,N,1,N,N,N,N,,N,N,N,N,N,N
305,15336,N,1,N,N,N,N,,N,N,N,N,N,N
306,15509,Y,2,Y,N,Y?,N,3.0,N,N,N,Y,N,Y
307,15582,N,1,N,N,N,N,,N,N,N,N,N,N
308,15604,N,1,N,N,N,N,,N,N,N,N,N,N
309,15735,Y,6,N,N,N,N,3.0,Y,N,N,N,N,Y
0,15746,y,2,n,n,y,n,3.0,n,y,y,y,n,y
1,15832,y,2,y,n,y,n,4.0,n,y,n,n,n,n
2,15957,y,3,n,n,n,n,4.0,n,n,n,n,n,y
3,15990,n,1,n,n,n,n,,n,n,n,n,n,n
478,16041,Y,,N,Y,Y,Y,4.0,N,Y,Y,N,N,Y
477,16064,Y,6,N,N,N,N,4.0,Y,Y,N,N,N,Y
4,16085,n,1,n,n,n,n,,n,n,n,n,n,n
683,1609,Y,41,N,Y,Y,N,3.0,Y?,Y,Y,Y,N,Y
5,16156,n,2,n,n,n,n,4.0,n,y,y,y,n,y
6,16174,y,4,n,n,n,n,4.0,n,n,n,n,n,y
7,16322,,8,,,,,,,,,,,
8,16492,y,3,n,n,n,n,4.0,n,y,y,n,n,y
9,16549,y,3,n,n,y,n,4.0,n,y,n,y,n,y
476,16550,Y,5,N,N,Y,N,4.0,N,Y,N,Y,Y,Y
10,16578,y,3,n,n,y,n,2.0,n,y,n,n,n,y
11,16596,y,4,y,n,y,n,3.0,n,n,n,n,y,y
12,16606,y,3,n,n,n,n,4.0,y,n,n,n,n,n
13,16671,y,6,y,y,y,n,4.0,y,n,n,n,y,y
678,1671,Y,42,Y,Y,N,N,4.0,Y,Y,N,N,Y,Y
475,16710,Y,9,N,N,Y,Y,4.0,N,N,Y,N,Y,Y
14,16873,y,3,y,y,n,n,3.0,n,n,n,n,n,y
682,1691,Y,8,N,N,Y,N,2.0,N,Y,Y,Y,N,Y
15,16991,n,1,n,n,n,n,,n,n,n,n,n,n
719,170,Y,19,N,Y,N,N,5.0,N,Y,N,N,N,N
16,17065,n,1,n,n,n,n,,n,n,n,n,n,n
17,17072,n,1,n,n,n,n,,n,n,n,n,n,n
474,17104,Y,6,N,N,N,N,4.0,N,N,N,N,Y,Y
473,17146,Y,28,N,N,N,N,4.0,Y,N,Y,N,Y,Y
718,172,Y,27,Y,Y,Y,Y,4.0,N?,Y,Y?,Y,Y,Y
18,17321,y,3,n,n,y,n,4.0,n,n,n,n,n,n
19,17354,n,1,n,n,n,n,,n,n,n,n,n,n
20,17416,y,4,n,n,n,n,4.0,n,n,n,n,n,y
21,17464,n,1,n,n,n,n,,n,n,n,n,n,n
22,17484,y,4,n,n,y,n,3.0,n,n,n,n,y,y
23,17554,,,,,,,,,,,,,
24,17668,y,2,n,n,y,n,3.0,n,n,y,n,n,y
25,17736,y,3,n,n,y,n,4.0,n,n,n,n,n,y
26,17784,n,1,n,n,n,n,,n,n,n,n,n,n
27,17850,n,4,y,n,n,n,4.0,n,n,n,n,n,n
472,17864,Y,16,N,N,N,N,4.0,N,Y,N,N,Y,Y
28,17926,y,15,y,y,n,n,4.0,y,y,y,n,n,y
29,17947,y,2,y,n,n,n,4.0,n,n,n,n,n,n
471,17955,Y,35,N,N,Y,Y?,4.0,Y,Y,Y,Y,Y,Y
30,18171,n,1,n,n,n,n,4.0,n,n,n,n,n,y
31,18281,y,3,n,n,n,n,4.0,n,n,n,n,n,n
32,18351,n,1,n,n,n,n,,n,n,n,n,n,n
33,18378,y,3,n,n,y,n,4.0,y,n,n,n,n,y
34,18401,n,2,n,n,n,n,4.0,y,n,n,n,n,n
35,18406,n,2,n,n,n,n,4.0,y,n,n,n,n,n
36,18486,n,2,n,n,n,n,4.0,y,n,n,n,n,n
37,18595,n,6,y,n,y,y,5.0,y,n,n,n,n,y
38,18636,y,1,n,n,n,n,3.0,y,n,n,n,n,n
39,18639,y,1,n,n,y,n,3.0,n,n,n,n,n,y
96,1870,y,15,n,n,y,y,4.0,n,y,n,y,y,y
40,18733,n,1,n,n,n,n,,n,n,n,n,n,n
41,18738,y,3,n,n,y,n,4.0,y,n,n,n,n,y
42,18739,n,3,y,n,n,n,4.0,n,n,n,n,n,y
43,18755,n,1,n,n,n,n,,n,n,n,n,n,n
470,18818,Y,16,Y,Y,Y,N,4.0,Y,Y,Y,Y,Y,Y
44,18940,y,7,n,y,y,y,5.0,y,y,y,y,y,y
45,18990,n,2,n,n,n,n,3.0,n,n,n,n,n,y
46,19075,n,1,n,n,n,n,,n,n,n,n,n,n
47,19175,y,3,n,n,n,n,3.0,n,n,n,n,n,y
160,19184,y,31,y,y,y,y,4.0,y,n,y,n,n,y
48,19282,y,4,y,n,n,n,3.0,n,y,y,n,n,y
49,19356,n,1,n,n,n,n,,n,n,n,n,n,n
672,19421,N,1,N,N,N,N,,N,N,N,N,N,N
671,19446,N,1,N,N,N,N,,N,N,N,N,N,N
670,19451,Y,2,N,N,N,N,5.0,N,Y,N,N,Y,N
669,19528,Y,2,N,N,Y,N,3.0,N,Y,N,N,N,Y
668,19575,Y,2,N,N,N,N,5.0,N,N,N,N,N,Y
667,19614,Y,2,N,N,Y,N,3.0,N,Y,N,N,N,N
97,1963,y,12,y,y,y,y,4.0,y,y,y,y,y,y
666,19660,Y,4,N,N,Y,N,4.0,N,N,N,N,N,Y
665,19706,Y,3,Y,N,N,N,2.0,N,Y,N,N,Y,Y
664,19738,N,1,Y,N,N,N,,N,N,N,N,N,N
663,19773,Y,7,Y,Y,Y,N,4.0,Y,Y,Y,N,N,Y
662,19807,Y,2,,N,Y,N,4.0,N,Y,N,N,N,N
732,20 (a),Y,53,Y,Y,Y,Y,4.0,Y,Y,Y,Y,Y,Y
733,20 (b),Y,19,Y,Y,Y,Y,5.0,Y,Y,Y,Y,Y,Y
660,20080,N,1,N,N,N,N,,N,N,N,N,N,N
659,20152,N,1,N,N,N,N,,N,N,N,N,N,N
661,20199,Y,8,Y,N,N,N,5.0,N,Y,N,N,Y,Y
468,20313,Y,54,Y,Y,Y,Y,3.0,N,Y,Y,Y,Y,Y
658,20371,Y,6,Y,N,N,N,5.0,N,N,N,N,N,Y
657,20428,Y,6,N,Y,Y,N,4.0,N,Y,N,N,Y,Y
656,20455,N,1,N,N,N,N,,N,N,N,N,N,N
655,20469,N,1,N,N,N,N,,N,N,N,N,N,N
654,20482,N,1,N,N,N,N,,N,N,N,N,N,N
653,20526,N,1,N,N,N,N,,N,N,N,N,N,N
652,20689,Y,5,N,Y,Y,N,4.0,N,Y,N,N,Y,Y
651,20785,Y,2,N,N,N,N,2.0,N,N,N,N,N,N
650,20788,Y,3,N,N,Y,N,4.0,N,N,N,N,N,Y
649,20849,Y,4,Y,N,N,N,4.0,N,Y,N,N,N,Y
648,20853,Y,4,N,N,Y,N,4.0,N,N,N,N,N,N
647,20961,Y,8,Y,Y,Y,Y,4.0,N,Y,Y,N,Y,N?
646,20975,N,1,N,N,N,N,,N,N,N,N,N,N
645,21001,Y,9,N,N,Y,Y,5.0,N,N,N,N,Y,N
467,21135,Y,10,Y,Y,N,N,4.0,N,Y,Y,N,Y,Y
644,21142,Y,3,Y,N,N,N,3.0,N,Y,Y,N,N,Y
643,21172,Y,2,N,N,Y,N,2.0,N,Y,Y,Y,N,Y
98,2123,,,,,,,,,,,,,
99,2124,y,5,n,n,y,n,4.0,y,y,y,y,y,y
100,2125,y,13,n,n,n,n,4.0,n,n,n,n,y,y
642,21264,Y,9,Y,N,N,N,4.0,N,Y,N,N,Y,Y
641,21312,Y,3,N,N,N,N,4.0,N,N,N,N,Y,N
639,21354,N,1,N,N,N,N,,N,N,N,N,N,N
640,21384,N,1,N,N,N,N,,N,N,N,N,N,N
638,21562,N,1,N,N,N,N,,N,N,N,N,N,N
778,2160,Y,5,N,N,N,Y,3.0,N,N,N,N,Y,Y
637,21611,Y,2,N,N,N,N,1.0,N,N,N,N,N,N
101,2163,,,,,,,,,,,,,
636,21680,Y,2,N,N,N,N,5.0,N,N,N,N,Y,N
635,21719,Y,2,N,N,N,N,5.0,N,N,N,N,Y,N
634,21749,Y,4,N,Y,N,N,3.0,N,N,Y,N,N,Y
632,21943,Y,2,N,N,Y,N,1.0,N,N,N,N,N,Y
631,21978,Y,6,Y,Y,Y,Y,4.0,Y,Y,N,N,N,Y
466,21986,Y,2,N,N,N,N,4.0,N,N,N,N,Y,Y
465,22008,Y,2,N,N,N,N,4.0,N,N,N,N,Y,N
464,22139,N,2,N,N,N,N,,N,N,N,N,N,N
463,22215,N,2,N,N,N,N,,N,N,N,N,N,N
462,22300,Y,7,N,Y,Y,Y,4.0,N,Y,Y,Y,Y,Y
929,22376,Y,31,Y,Y,Y,Y,4.0,N,Y,Y,N,N,Y
461,22377,Y,3,N,N,N,N,3.0,N,N,Y,N,Y,Y
460,22489,Y,3,Y,N,N,N,2.0,N,N,N,N,Y,Y
459,22556,N,2,N,N,N,N,,N,N,N,N,N,N
458,22631,Y,2,N,N,N,N,4.0,N,N,N,N,Y,N
457,22719,Y,10,N,Y,Y,N,,,,,,,
779,2273,Y,7,Y,Y,Y,Y,4.0,N,Y,Y,N,Y,Y
456,22750,N,2,N,N,N,N,,N,N,N,N,N,N
455,22766,N,2,N,N,N,N,,N,N,N,N,N,N
454,22808,Y,2,N,N,Y,N,2.0,N,N,N,N,Y,Y
452,22903,N,2,N,N,N,N,,N,N,N,N,N,N
451,22977,Y,2,N,N,N,N,4.0,N,N,N,N,Y,N
450,23007,Y,2,N,N,N,N,3.0,N,N,N,N,Y,Y
449,23009,Y,5,N,Y,Y,N,4.0,N,N,Y,N,Y,Y
780,2303,Y,37,Y,N,Y,N,4.0,N,Y,N,Y,Y,Y
448,23136,Y,2,Y,N,N,N,5.0,N,N,N,N,Y,Y
367,23187,Y,4,N,N,N,N,2.0,N,N,N,N,N,Y
447,23199,Y,18,N,N,N,N,4.0,N,N,N,N,Y,Y
446,23207,Y,2,N,N,N,N,4.0,N,N,Y,N,Y,Y
445,23208,Y,3,N,N,N,N,2.0,N,N,N,N,Y,Y
368,23225,Y,33,Y,Y,Y,N,4.0,N,Y,Y,Y,Y,Y
781,2327,Y,2,N,Y,N,N,2.0,N,Y,N,N,N,N
443,23270,Y,3,N,N,N,N,5.0,N,N,N,N,N,N
442,23274,N,2,N,N,N,N,,N,N,N,N,N,N
441,23348,Y,3,N,N,N,N,4.0,N,N,Y,N,N,Y
174,23432,y,13,y,y,y,y,4.0,y,y,y,y,n,y
440,23443,Y,5,N,Y,N,N,4.0,N,N,Y,N,Y,Y
439,23448,Y,3,N,N,Y,Y,4.0,N,N,N,N,N,N
438,23449,Y,3,N,N,N,N,3.0,N,N,Y,N,Y,Y
437,23527,Y,2,N,N,N,N,4.0,N,N,N,N,Y,N
436,23535,Y,2,N,N,N,N,4.0,N,N,N,N,Y,N
435,23551,Y,2,N,N,N,N,4.0,N,N,N,N,Y,N
434,23603,Y,5,N,Y,N,N,4.0,N,Y,Y,N,Y,Y
370,23623,Y,10,N,N,N,N,3.0,N,N,N,N,N,Y
433,23632,N,2,N,N,N,N,,N,N,N,N,N,N
373,23645,Y,9,N,N,Y,N,3.0,N,Y,N,Y,Y,Y
432,23691,Y,4,N,N,N,N,4.0,N,N,N,N,Y,N
431,23751,Y,6,Y,N,Y,Y,2.0,N,Y,N,Y,Y,
430,23805,N,1,N,N,N,N,,N,N,N,N,N,N
429,23839,N,2,N,N,N,N,,N,N,N,N,N,N
428,23960,N,2,N,N,N,N,,N,N,N,N,N,N
427,24081,Y,1,N,N,N,N,4.0,N,N,N,N,N,Y
426,24164,N,2,N,N,N,N,,N,N,N,N,N,N
425,24166,N,2,N,N,N,N,,N,N,N,N,N,N
424,24298,N,2,N,N,N,N,,N,N,N,N,N,N
423,24317,Y,5,N,N,N,N,2.0,N,N,Y,N,Y,Y
374,24377,Y,7,N,N,N,N,3.0,N,N,N,N,Y,Y
375,24378,Y,5,N,N,N,N,3.0,N,N,N,N,Y,Y
422,24428,Y,2,N,N,N,N,4.0,N,N,N,N,Y,N
377,24591,Y,45,Y,Y,Y,N,4.0,Y,Y,Y,Y,N,Y
378,24635,Y,20,Y,N,N,N,3.0,N,N,Y,N,Y,Y
380,24651,Y,18,Y,Y,Y,N,3.0,Y,N,Y,N,Y,Y
421,24880,Y,5,N,Y,N,N,4.0,N,Y,N,N,N,Y
420,24992,Y,3,Y,N,Y,N,3.0,N,Y,Y,Y,N,N
419,25028,N,2,N,N,N,N,,N,N,N,N,N,N
418,25095,N,2,N,N,N,N,,N,N,N,N,N,N
417,25118,Y,2,N,N,Y,Y,4.0,4,N,N,N,Y,N
821,25162,Y,2,Y,N,Y,N,4.0,N,N,N,N,N,Y
823,25204,N,1,N,N,N,N,,N,N,N,N,N,N
824,25227,N,1,N,N,N,N,,N,N,N,N,N,N
825,25268,N,1,N,N,N,N,,N,N,N,N,N,N
826,25278,Y,2,Y,Y,N,N,3.0,N,N,N,N,N,Y
827,25297,N,1,N,N,N,N,,N,N,N,N,N,N
828,25301,N,1,N,N,N,N,,N,N,N,N,N,N
829,25344,N,1,N,N,N,N,,N,N,N,N,N,N
831,25367,N,1,N,N,N,N,,N,N,N,N,N,N
832,25404,N,1,N,N,N,N,,N,N,N,N,N,N
833,25415,N,1,N,N,N,N,,N,N,N,N,N,N
834,25432,N,1,N,N,N,N,,N,N,N,N,N,N
835,25435,N,1,N,N,N,N,,N,N,N,N,N,N
836,25451,Y,3,Y,N,N,N,2.0,N,Y,N,Y,N,N
837,25493,Y,9,N,Y,N,N,2.0,N,Y,Y,Y,N,Y
838,25509,N,1,N,N,N,N,,N,N,N,N,N,N
371,25571,Y,10,N,N,Y,N,3.0,N,N,Y,N,N,Y
840,25616,N,1,N,N,N,N,,N,N,N,N,N,N
841,25702,Y,9,N,N,Y,N,3.0,N,Y,Y,N,Y,Y
842,25714,N,1,N,N,N,N,,N,N,N,N,N,N
843,25731,N,1,N,N,N,N,,N,N,N,N,N,N
844,25780,Y,3,N,N,N,N,1.0,N,N,Y,N,N,Y
845,25827,Y,2,N,N,N,N,2.0,N,N,N,N,N,N
848,25961,N,1,N,N,N,N,,N,N,N,N,N,N
547,25979,Y,5,Y,N,Y,Y,4.0,N,N,N,N,Y,Y
850,25986,Y,3,N,N,Y,N,2.0,N,N,N,N,N,Y
549,26053,,1,N,N,N,N,,N,Y,N,N,N,N
372,26059,Y,11,N,N,Y,N,3.0,N,N,Y,N,N,Y
550,26132,Y,17,N,Y,Y,N,5.0,N,N,N,N,Y,Y
551,26154,Y,2,Y,N,Y,N,5.0,N,Y,N,N,N,Y
552,26165,Y,3,N,N,Y,N,4.0,N,Y,N,N,Y,Y
553,26219,,1,N,N,N,N,,N,Y,N,N,N,N
782,2623,Y,1,Y,N,Y,N,2.0,N,Y,Y,N,Y,N
102,2624,y,8,n,n,y,n,4.0,n,y,n,y,y,y
554,26399,,1,N,N,N,N,,N,Y,N,N,N,N
555,26432,,1,N,N,N,N,,N,Y,N,N,N,N
556,26533,Y,2,N,N,Y,N,5.0,N,N,N,N,Y,N
783,2655,Y,1,N,N,N,N,1.0,N,N,N,N,Y,N
557,26682,Y,2,N,N,N,N,4.0,N,N,N,N,Y,N
386,26691,,,Y,,,,,,,,,,
558,26771,Y,2,N,N,N,N,4.0,N,N,N,N,Y,N
103,2678,y,7,n,n,n,n,5.0,n,n,n,n,y,n
559,26826,,1,N,N,N,N,,N,Y,N,N,N,N
560,26856,Y,4,N,N,N,N,3.0,N,Y,Y,N,Y,N
561,26885,,1,N,N,N,N,,N,Y,N,N,N,N
562,26920,Y,5,Y,N,N,N,4.0,N,N,Y,N,Y,N
563,26947,Y,3,N,N,Y,N,5.0,N,Y,N,N,N,Y
564,26964,Y,3,N,N,Y,N,5.0,N,N,Y,Y,N,Y
565,26966,Y,2,N,N,N,N,5.0,N,N,N,N,N,Y
104,2701,y,13,4,y,y,y,4.0,n,y,y,n,n,y
566,27079,Y,17,Y,N,Y,N,5.0,N,N,N,N,Y,Y
567,27234,,1,N,N,N,N,,N,Y,N,N,N,N
376,27296,Y,7,Y,N,Y,N,3.0,Y,Y,Y,N,N,Y
569,27447,Y,9,N,Y,Y,Y,4.0,N,Y,Y,N,Y,Y
570,27487,Y,2,N,N,N,N,5.0,N,N,N,N,N,Y
571,27587,Y,4,Y,N,Y,N,3.0,N,Y,Y,Y,Y,Y
572,27603,Y,9,N,Y,Y,N,5.0,N,Y,Y,Y,N,Y
232,27627,y,45,y,y,y,y,5.0,y,y,n,y,n,y
105,2763,y,8,n,n,n,y,4.0,y,n,n,n,n,y
106,2764,y,11,n,n,n,n,4.0,n,y,n,n,y,y
107,2765,n,10,n,n,n,n,5.0,n,y,n,n,n,y
233,27717,n,1,n,n,n,n,1.0,n,n,n,n,n,n
108,2814,,,,,,,,,,,,,
109,2820,y,12,n,n,y,n,3.0,n,y,n,y,y,y
110,2840,n,6,n,n,y,n,3.0,y,y,y,y,n,y
385,28553,Y,7,N,N,N,N,2.0,N,N,Y,N,N,Y
111,2907,n,8,n,n,y,n,4.0,n,y,n,y,y,y
236,29148,y,14,n,y,y,y,4.0,n,n,n,n,n,y
235,29376,n,1,n,n,n,n,1.0,n,n,n,n,n,n
237,29463,n,1,y,n,n,y,3.0,n,n,n,n,n,n
379,29467,Y,23,Y,N,Y,N,4.0,N,Y,Y,N,Y,Y
238,29516,y,4,n,n,n,y,3.0,n,n,n,n,n,n
112,2952,n,7,y,n,n,n,4.0,n,n,n,n,n,y
113,2953,y,7,y,n,n,n,4.0,n,y,n,n,n,y
239,29536,y,2,n,n,y,y,3.0,n,n,n,n,n,n
727,296,Y,5,Y,N,N,N,3.0,N,Y,N,N,N,Y
114,2961,n,16,n,n,n,n,4.0,n,n,n,n,y,n
784,2962,Y,5,N,Y,N,N,2.0,N,Y,Y,N,N,N
241,29658,y,3,n,n,y,y,3.0,n,n,n,n,n,n
717,297,Y,8,Y,N,N,N,4.0,N?,Y,N,N,N,N
242,29744,n,1,n,n,n,n,1.0,n,n,n,n,n,n
785,2986,Y,3,N,N,N,N,2.0,N,Y,N,N,N,Y
786,2989,Y,2,N,N,N,N,1.0,N,N,N,N,N,N
115,2997,n,6,n,n,n,n,4.0,n,y,y,y,n,y
243,30093,y,2,n,n,n,n,3.0,n,n,n,n,n,n
244,30108,n,1,n,n,n,n,1.0,n,n,n,n,n,n
245,30198,n,1,n,n,n,n,1.0,n,n,n,n,n,n
246,30242,n,11,n,n,y,y,3.0,y,y,y,y,n,y
247,30304,y,4,y,n,y,y,5.0,n,y,n,y,n,y
248,30308,y,5,y,y,y,y,3.0,n,y,n,y,y,y
249,30322,y,2,n,n,y,y,4.0,n,y,y,y,n,y
250,30325,y,40,n,n,y,y,4.0,y,y,y,y,n,y
251,30332,y,10,n,n,y,y,3.0,y,n,n,y,n,n
252,30349,y,4,n,n,n,y,3.0,n,n,y,y,n,y
253,30427,n,1,n,n,n,n,1.0,n,n,n,n,n,n
254,30453,n,1,n,n,n,n,1.0,n,n,n,n,n,n
255,30458,y,4,n,y,y,y,3.0,n,y,n,y,n,y
256,30527,n,1,n,n,n,n,1.0,n,n,n,n,n,n
382,30673,Y,15,Y,Y,Y,N,2.0,N,N,Y,N,Y,Y
257,30677,y,7,n,n,y,y,5.0,y,n,n,n,n,y
258,30714,y,3,n,n,n,n,3.0,n,y,n,y,n,y
259,30769,y,10,n,y,y,y,5.0,y,IO,y,y,n,y
260,30780,n,1,n,n,n,n,4.0,n,n,n,n,n,n
384,30822,Y,18,Y,N,Y,N,3.0,Y,Y,Y,N,N,Y
319,30886,N,1,N,N,N,N,,N,N,N,N,N,N
320,31010,N,1,N,N,N,N,,N,N,N,N,N,N
321,31041,Y,3,N,N,Y,N,2.0,N,N,Y,N,N,Y
322,31069,Y,9,Y,Y,N,N,3.0,N,Y,Y,N,Y,Y
323,31113,N,1,N,N,N,N,,N,N,N,N,N,N
324,31181,Y,3,N,Y,Y,N,2.0,N,N,Y,N,N,Y
325,31223,Y,9,N,Y?,Y,N,4.0,Y,N,N,N,Y,Y
326,31243,Y,1,N,N,N,N,2.0,N,N,N,N,N,N
327,31256,Y,9,Y,Y,Y,N,4.0,N,Y,Y,N,Y,Y
328,31376,N,1,N,N,N,N,,N,N,N,N,N,N
329,31395,N,1,N,N,N,N,,N,N,N,N,N,N
330,31419,Y,3,Y,N,N,N,3.0,N,N,N,N,Y,N
332,31780,N,1,N,N,N,N,,N,N,N,N,N,N
333,31799,N,1,N,N,N,N,,N,N,N,N,N,N
334,31818,N,1,N,N,N,N,,N,N,N,N,N,N
335,31861,Y,10,N,N,N,N,4.0,Y,N,N,N,Y,N
336,32005,Y,?,Y,Y,Y,Y,4.0,Y,Y,Y,Y,Y,N
381,32022,Y,42,Y,Y,Y,N,4.0,N,Y,Y,Y,Y,Y
787,3229,Y,2,N,N,N,N,1.0,N,N,N,N,N,Y
337,32462,N,1,N,N,N,N,,N,N,N,N,N,N
338,32549,Y,3,N,N,Y,N,3.0,N,N,Y,N,N,Y
339,32670,Y,7,N,N,N,N,3.0,N,N,Y,N,N,Y
383,32888,N,1,N,N,N,N,2.0,N,N,N,N,N,N
340,32922,N,1,N,N,N,N,,N,N,N,N,N,N
341,32930,N,1,N,N,N,N,,N,N,N,N,N,N
342,32990,N,1,N,N,N,N,,N,N,N,N,N,N
50,33000,n,1,n,n,n,n,,n,n,n,n,n,n
51,33364,n,2,n,n,n,n,4.0,y,n,y,n,n,y
52,33400,n,1,n,n,n,n,,n,n,n,n,n,n
53,33405,y,7,n,y,n,n,4.0,n,y,n,n,n,y
54,33529,n,1,n,n,n,n,,n,n,n,n,n,n
788,3364,Y,14,Y,Y,N,N,4.0,Y,N,N,N,Y,Y
772,345,Y,4,N,Y,N,N,3.0,N,Y,Y,N,N,Y
55,34579,y,43,y,y,y,y,4.0,y,y,y,y,n,y
116,3459,,,,,,,,,,,,,
117,3500,y,9,n,n,y,n,5.0,y,y,y,y,n,y
789,3501,Y,15,N,N,N,N,4.0,Y,N,N,N,N,Y
118,3663,y,28,y,y,n,n,4.0,y,y,n,y,y,y
790,3738,Y,4,N,N,N,N,2.0,N,Y,N,N,N,N
909,38415,Y,1,,,,,1.0,,,,,,Y
911,38544,Y,63,N,N,N,N,4.0,N,Y,Y,N,N,N
56,39427,,,,,,,,,,,,,
119,3988,y,22,y,y,y,y,3.0,y,y,y,y,n,y
120,3992,y,18,y,y,n,y,3.0,y,y,n,n,y,y
910,39989,Y,7,N,Y,N,N,2.0,N,Y,Y,Y,N,Y
912,40153,Y,19,Y,N,N,N,3.0,Y,Y,N,Y,Y,Y
57,40324,y,86,y,y,y,y,4.0,y,y,y,y,n,n
791,4034,Y,11,N,N,Y,N,3.0,N,N,N,N,N,N
58,41032,y,25,y,y,y,y,4.0,y,y,y,y,n,y
59,41650,y,21,y,y,y,y,4.0,n,y,y,y,n,y
913,41652,Y,17,Y,Y,Y,Y,3.0,N,N,Y,N,N,Y
121,4214,y,54,y,y,y,y,4.0,n,y,y,y,n,y
60,43185,n,1,n,n,n,n,,n,n,n,n,n,n
62,43452,y,4,y,n,y,n,3.0,n,n,n,n,n,n
63,44848,y,5,n,y,n,n,4.0,n,n,y,n,n,y
736,449,Y,14,Y,Y,N,N,4.0,N,Y,Y,N,Y,Y
122,4493,y,28,n,y,y,y,4.0,y,y,y,y,n,y
64,44960,n,2,y,n,n,n,4.0,n,n,n,n,n,n
65,44961,n,2,y,n,n,n,4.0,n,y?,n,n,n,n
66,45080,y,3,n,n,y,n,3.0,n,n,n,n,n,y
67,45106,y,12,y,y,n,n,4.0,n,y,y,n,n,y
68,45186,,,,,,,,,,,,,
69,45218,,,,,,,,,,,,,
70,45235,n,2,y,n,n,n,2.0,n,n,n,n,n,y
71,45360,,,,,,,,,,,,,
72,45733,n,2,n,n,n,n,5.0,n,n,n,n,n,y
73,45809,,,,,,,,,,,,,
123,4648,n,4,n,n,y,n,3.0,n,y,n,y,n,y
74,46773,y,5,y,n,n,n,4.0,y,n,n,n,n,y
75,46816,n,3,n,n,n,n,4.0,y,n,n,n,n,y
76,46862,,,,,,,,,,,,,
77,46875,,,,,,,,,,,,,
78,46888,n,3,n,n,n,n,5.0,y,n,n,n,n,
79,46903,y,4,n,n,n,n,4.0,y,n,n,n,n,y
410,46969,Y,,,,,,,,,,,,
409,46982,N,1,N,N,N,N,,N,N,N,N,N,N
408,47003,Y,6,Y,Y,Y,N,4.0,N,N,Y,N,N,Y
124,4704,n,7,n,n,y,n,4.0,n,y,n,y,y,y
407,47047,Y,22,N,N,Y,N,3.0,Y,N,Y,N,Y,Y
406,47118,Y,4,N,N,N,N,2.0,N,N,N,N,Y,N
405,47119,N,1,N,N,N,N,,N,N,N,N,N,N
125,4714,y,10,y,y,y,n,4.0,y,y,n,y,y,y
404,47290,Y,7,N,N,N,N,4.0,Y,N,N,N,Y,Y
126,4739,n,6,n,n,y,y,3.0,y,y,n,y,y,y
403,47421,Y,3,N,N,N,N,4.0,N,N,N,N,Y,Y
127,4743,n,8,y,n,y,n,4.0,n,y,y,n,n,y
402,47646,N,1,N,N,N,N,,N,N,N,N,N,N
401,47647,N,1,N,N,N,N,,N,N,N,N,N,N
914,47662,Y,21,Y,Y,Y,Y,4.0,N,Y,Y,N,N,Y
400,47709,Y,16,N,N,N,N,4.0,Y,Y,N,N,Y,Y
915,47742,Y,8,N,N,N,Y,2.0,N,N,Y,N,N,Y
399,47778,N,1,N,N,N,N,,N,N,N,N,N,N
398,47784,Y,3,N,N,N,N,5.0,N,N,N,N,N,N
397,47799,N,1,N,N,N,N,,N,N,N,N,N,N
396,47802,N,1,N,N,N,N,,N,N,N,N,N,N
395,47946,Y,8,Y,N,Y,N,2.0,Y,Y,Y,Y,N,Y
394,47955,Y,16,Y,N,Y,N,4.0,N,N,Y,N,Y,Y
393,48008,Y,4,N,N,N,N,3.0,N,N,N,N,Y,Y
392,48023,N,1,N,N,N,N,,N,N,N,N,N,N
391,48025,N,1,N,N,N,N,,N,N,N,N,N,N
390,48051,Y,5,N,N,Y,N,4.0,N,N,Y,N,N,Y
792,4813,,,,,,,,,,,,,
128,4816,n,2,n,n,n,n,5.0,y,y,n,n,n,y
389,48207,Y,115,N,Y,Y,Y,4.0,Y,Y,Y,Y,Y,Y
388,48341,N,1,N,N,N,N,,N,N,N,N,N,N
387,48426,N,1,N,N,N,N,,N,N,N,N,N,N
596,48457,Y,16,Y,Y,Y,N,2.0,N,Y,Y,Y,Y,N
607,48507,N,0,N,N,N,N,,N,N,N,N,N,N
605,48537,Y,6,N,Y,Y,N,2.0,N,N,N,N,N,Y
856,48793,Y,2,N,N,N,N,2.0,N,N,N,N,Y,Y
861,48906,Y,12,Y,Y,Y,Y,4.0,N,Y,Y,N,N,Y
860,49011,Y,11,Y,Y,N,Y,4.0,N,Y,N,N,N,Y
857,49036,N,,N,N,N,N,,N,N,N,N,N,N
858,49131,N,,N,N,N,N,,N,N,N,N,N,N
859,49178,Y,5,N,N,Y,N,2.0,N,Y,Y,Y,N,N
862,49183,Y,3,N,N,N,N,2.0,N,N,Y,N,N,Y
916,49197,Y,27,Y,N,Y,Y,3.0,N,Y,Y,N,Y,Y
863,49208,N,,N,N,N,N,,N,N,N,N,N,N
864,49222,N,,N,N,N,N,,N,N,N,N,N,N
865,49302,N,,N,N,N,N,,N,N,N,N,N,N
871,49359,Y,11,N,N,N,N,3.0,N,Y,N,N,Y,N
866,49387,N,,N,N,N,N,,N,N,N,N,N,N
870,49428,Y,9,N,N,Y,N,3.0,N,N,N,N,N,Y
867,49482,N,,N,N,N,N,,N,N,N,N,N,N
577,49510,Y,3,N,N,N,N,5.0,N,Y,Y,N,N,Y
578,49532,,,,,,,,,,,,,
579,49545,,,,,,,,,,,,,
580,49598,Y,29,Y,Y,Y,N,4.0,N,N,Y,N,Y,Y
581,49613,Y,2,N,N,N,N,5.0,N,N,N,N,Y,Y
582,49654,Y,3,N,N,Y,N,5.0,N,Y,Y,Y,N,Y
583,49666,Y,3,N,N,N,N,5.0,N,N,N,N,N,Y
584,49697,Y,38,N,N,Y,N,4.0,N,N,N,N,Y,Y
585,49871,Y,,,,,,,,,,,,
586,49893,Y,,,,,,,,,,,,
587,50016,Y,114,Y,Y,Y,N,3.0,Y,Y,Y,Y,Y,Y
129,5005,y,26,n,y,y,y,3.0,y,y,n,y,y,y
261,50151,n,1,n,n,n,n,1.0,n,n,n,n,n,n
735,502,,,,,,,,,,,,Y,
262,50274,n,1,n,n,n,n,1.0,n,n,n,n,n,n
263,50279,n,1,n,n,n,n,1.0,n,n,n,n,n,n
264,50333,n,1,n,n,n,n,1.0,n,n,n,n,n,n
592,50403,Y,9,N,N,Y,N,4.0,N,N,N,N,Y,Y
918,50553,Y,43,Y,Y,Y,Y,4.0,N,Y,Y,Y,N,Y
593,50628,Y,2,N,N,N,N,4.0,N,N,N,N,Y,Y
594,50712,Y,4,N,N,N,N,5.0,N,N,N,N,N,Y
595,50725,Y,10,Y,,,,,,,,,,
346,51732,Y,10,N,Y,Y,N,4.0,N,N,Y,N,N,Y
347,51806,Y,35,Y,Y,Y,N,4.0,N,N,Y,N,N,Y
348,51847,Y,10,N,Y,N,N,3.0,N,N,N,N,N,Y
349,51875,Y,3,N,N,Y,N,2.0,N,N,Y,N,N,Y
350,51960,Y,2,N,N,N,N,2.0,N,N,Y,N,N,Y
351,51966,Y,2,N,Y,N,N,2.0,N,N,N,N,N,N
830,5211,Y,30,Y,Y,Y,Y,4.0,N,Y,Y,Y,Y,Y
352,52241,Y,3,N,N,N,N,2.0,N,N,N,N,N,N
353,52251,Y,2,N,N,N,N,2.0,N,N,Y,N,N,Y
354,52345,Y,15,Y,Y,N,Y,3.0,N,Y,Y,N,Y,Y
355,52458,Y,8,N,Y,N,N,3.0,N,N,N,N,N,Y
356,52637,Y,6,N,N,N,N,3.0,Y,N,N,N,N,Y
357,52653,Y,2,N,Y,N,N,2.0,N,N,N,N,N,Y
130,5266,y,24,y,y,y,y,4.0,y,y,y,y,y,y
358,52801,Y,18,N,Y,Y,N,4.0,Y,Y,Y,Y,Y,Y
359,53209,Y,5,N,N,N,N,3.0,N,N,Y,N,N,Y
360,53248,Y,16,Y,Y,Y,N,4.0,N,Y,Y,Y,Y,Y
361,53307,Y,5,N,Y,N,N,2.0,N,N,Y,N,Y,Y
362,53330,Y,11,N,Y,N,N,3.0,N,N,N,N,N,Y
363,53339,Y,1,Y,N,N,N,2.0,N,N,N,N,N,Y
80,53398,n,7,n,n,n,n,4.0,y,n,n,n,n,y
81,53484,,,,,,,,,,,,,
82,53565,y,13,y,n,n,n,4.0,y,n,n,n,n,y
83,53594,y,15,y,y,y,y,4.0,y,y,y,n,n,y
84,53646,,,,,,,,,,,,,
85,53771,n,8,n,y,n,n,4.0,y,y,y,y,n,y
86,54051,,,,,,,,,,,,,
87,54339,y,16,n,n,n,n,5.0,y,n,n,n,n,y
88,54387,,,,,,,,,,,,,
89,54415,,,,,,,,,,,,,
90,54452,,,,,,,,,,,,,
92,54615,n,3,n,n,n,n,4.0,n,n,y,n,n,y
93,54644,n,6,n,n,n,n,2.0,n,n,n,n,n,y
94,54682,y,28,y,y,y,y,4.0,n,y,y,n,y,y
737,55 (a),N,7,N,N,N,N,5.0,N,N,N,N,Y,Y
793,5563,Y,7,N,N,Y,N,3.0,N,Y,N,Y,N,Y
131,5610,y,25,y,n,y,n,3.0,y,y,n,n,n,n
794,5645,Y,6,Y,N,N,N,3.0,N,N,N,N,N,Y
795,5670,Y,7,Y,Y,N,Y,4.0,N,Y,Y,N,N,N
796,5680,Y,5,N,N,Y,N,2.0,N,Y,N,N,N,Y
797,5722,Y,3,N,N,N,N,2.0,N,N,N,N,N,N
846,5792,Y,37,Y,Y,Y,Y,4.0,N,Y,Y,Y,N,Y
798,5820,Y,10,Y,Y,Y,N,4.0,N,N,N,N,Y,Y
731,585,Y,5,N,N,Y,N,3.0,Y,Y,N,Y,N,Y
799,5855,Y,5,Y,Y,N,N,4.0,N,Y,Y,N,N,Y
730,586,Y,6,N,N,Y,N,4.0,N,Y,N,Y,N,Y
726,588,Y,7,N,N,Y,N,4.0,N,Y,N,Y,Y,Y
723,589,N,8,N,N,Y,N,4.0,N,Y,N,Y,Y,Y
721,590,N,4,N,N,Y,N,4.0,N,Y,N,Y,N,Y
720,592,Y,8,N,N,Y,Y,3.0,Y,Y,Y,Y,N,Y
800,5926,Y,8,Y,Y,Y,N,3.0,N,Y,Y,N,Y,Y
725,593,N,5,N,N,Y,N,5.0,N,Y,N,Y,N,Y
132,5949,n,4,n,n,y,n,4.0,n,y,n,n,n,y
724,598,N,6,N,N,Y,N,4.0,N,Y,N,Y,Y,Y
801,5983,Y,4,Y,N,Y,Y,4.0,N,Y,N,Y,N,N
802,6009,Y,7,Y,N,Y,Y,3.0,N,Y,N,N,Y,N
722,601,Y,6,N,N,Y,N,3.0,Y,Y,N,Y,N,Y
715,603,N,6,N,N,Y,N,3.0,N,Y,N,Y,Y,Y
716,604,Y,7,N,N,Y,N,3.0,N,Y,N,Y,N,Y
803,6064,Y,5,N,N,Y,N,2.0,N,Y,N,N,N,Y
714,607,Y,8,N,N,Y,N,4.0,Y,Y,N,Y,Y,Y
713,609,Y,6,N,N,Y,N,3.0,Y,Y,N,Y,N,Y
804,6099,Y,7,N,Y,Y,N,3.0,N,Y,Y,Y,Y,Y
712,614,Y,18,N,N,Y,N,4.0,Y,Y,N,Y,Y,Y
711,615,Y,12,N,N,Y,N,5.0,Y,Y,N,Y,Y,Y
805,6186,Y,2,N,N,N,N,2.0,N,N,N,N,N,Y
710,622,Y,18,N,N,Y,Y,4.0,Y,Y,N,Y,Y,Y
709,623,Y,7,N,N,Y,N,4.0,N,Y,N,Y,Y,Y
708,624,Y,9,N,N,Y,N,2.0,Y,Y,N,Y,N,Y
700,625,N,6,N,N,Y,N,4.0,N,Y,N,Y,N,Y
707,626,Y,12,N,N,Y,Y,4.0,Y,Y,N,Y,Y,Y
706,630,Y,20,N,N,Y,N,4.0,N,Y,N,Y,Y,Y
705,631,N,11,N,N,Y,N,4.0,Y,Y,N,Y,Y,Y
704,634,Y,10,N,Y,Y,N,4.0,Y,Y,N,Y,Y,Y
699,635,N,7,N,N,Y,N,4.0,N,Y,N,Y,N,Y
703,636,Y,11,N,N,Y,N,4.0,Y,Y,N,Y,Y,Y
702,637,Y,16,N,N,Y,N,3.0,Y,Y,N,Y,Y,Y
806,6378,Y,2,N,Y,N,N,2.0,N,Y,N,N,N,N
701,638,Y,16,N,N,Y,N,2.0,N,Y,N,Y,Y,Y
698,639,Y,25,N,N,Y,N,4.0,N,Y,N,Y,Y,Y
697,640,Y,6,N,N,Y,N,3.0,N,Y,N,Y,Y,Y
134,6466,y,2,n,y,n,n,3.0,n,y,n,n,n,n
807,6469,Y,6,N,N,Y,N,3.0,N,Y,Y,Y,N,N
808,6482,Y,4,Y,N,N,Y,3.0,N,Y,N,N,N,Y
135,6543,y,14,n,y,y,y,3.0,y,y,y,n,y,y
136,6555,y,20,n,y,y,y,4.0,y,y,n,n,y,y
809,6556,Y,2,N,N,N,N,1.0,N,N,N,N,N,Y
810,6644,Y,4,N,N,Y,N,3.0,N,Y,N,N,N,Y
811,6680,Y,4,N,N,Y,N,2.0,N,Y,N,N,N,Y
771,67,Y,23,Y,N,N,N,4.0,N,N,Y,N,N,N
812,6727,Y,7,N,Y,Y,Y,3.0,N,Y,Y,Y,Y,Y
813,6733,Y,5,Y,Y,N,Y,2.0,N,Y,Y,Y,Y,Y
814,6762,Y,7,Y,N,Y,Y,3.0,N,Y,N,N,Y,Y
496,6813,Y,3,N,N,N,N,1.0,N,N,N,N,Y,Y
497,6857,Y,4,N,N,Y,N,3.0,Y,N,N,N,Y,Y
498,6858,Y,6,N,N,Y,N,3.0,N,N,N,N,Y,N
137,6862,y,9,y,y,y,y,4.0,y,n,n,n,n,y
499,6934,Y,29,N,Y,N,N,3.0,N,Y,N,N,Y,Y
773,698,Y,4,N,Y,N,N,3.0,Y,Y,Y,N,N,N
500,6998,Y,14,N,N,Y,Y,4.0,N,Y,N,N,Y,N
501,7017,Y,3,N,N,N,N,5.0,N,N,N,N,N,N
696,709,Y,5,Y,N,N,N,2.0,N,Y,N,N,N,N
695,710,Y,11,N,Y,N,N,3.0,Y,Y,N,N,N,Y
502,7132,Y,3,Y,N,Y,N,5.0,N,N,N,N,N,N
692,714,Y,7,N,N,N,N,3.0,N,Y,Y,N,N,Y
503,7173,Y,3,N,N,N,N,5.0,N,N,N,N,N,Y
504,7190,Y,13,N,N,Y,Y,4.0,N,Y,N,N,Y,Y
774,720,Y,4,N,N,N,N,3.0,N,Y,N,N,N,Y
505,7215,Y,5,Y,N,N,N,3.0,N,N,N,N,N,Y
138,7238,y,9,n,n,n,n,4.0,y,y,n,n,n,y
507,7264,Y,4,Y,Y,Y,Y,5.0,N,Y,Y,N,Y,Y
508,7288,Y,3,N,N,N,N,5.0,N,N,N,N,N,Y
509,7295,Y,9,Y,Y,Y,Y,4.0,N,Y,Y,N,Y,Y
510,7298,Y,1,N,N,N,N,5.0,Y,N,N,N,N,N
139,7302,y,5,n,n,n,n,3.0,y,n,n,n,y,n
511,7363,Y,14,N,N,Y,Y,5.0,Y,Y,N,N,Y,N
140,7384,y,6,n,y,n,n,3.0,y,y,n,n,y,y
141,7401,,,,,,,,,,,,,
142,7411,n,7,n,n,n,n,3.0,y,n,n,n,y,y
512,7473,Y,13,N,N,Y,Y,5.0,Y,Y,N,N,Y,N
143,7477,y,10,y,n,n,n,4.0,y,y,n,n,n,n
144,7659,y,18,y,n,y,n,3.0,y,y,y,n,y,y
514,7690,Y,2,N,N,N,N,5.0,N,N,N,N,Y,Y
515,7764,Y,10,N,N,Y,Y,5.0,Y,Y,N,N,Y,N
516,7787,Y,7,N,N,Y,Y,5.0,N,N,N,N,Y,N
517,7813,Y,7,Y,N,Y,Y,5.0,N,N,N,N,Y,Y
145,7825,n,9,n,n,n,n,4.0,y,y,y,n,n,y
518,7838,Y,2,N,N,N,N,5.0,N,N,N,N,N,Y
519,7892,Y,6,N,N,Y,N,5.0,N,N,N,N,Y,N
520,7907,Y,9,N,N,Y,Y,5.0,Y,N,N,N,Y,Y
521,7962,Y,6,N,N,Y,N,4.0,Y,Y,N,N,Y,Y
522,7986,Y,9,N,N,Y,N,5.0,N,N,N,N,Y,N
523,7987,Y,2,N,Y,N,N,5.0,N,Y,N,N,Y,N
146,8008,y,5,n,n,n,n,4.0,y,n,n,n,y,y
693,814,Y,72,Y,Y,Y,Y,4.0,Y,Y,N,Y,Y,Y
524,8161,Y,6,Y,N,Y,Y,5.0,N,N,N,N,Y,Y
147,8164,y,8,n,y,y,n,4.0,y,y,y,n,y,n
525,8190,Y,6,N,Y,N,N,5.0,N,Y,Y,N,Y,Y
526,8265,Y,14,N,N,Y,Y,4.0,Y,Y,N,N,Y,N
527,8394,Y,7,N,N,Y,N,5.0,N,N,N,N,Y,N
528,8405,Y,6,N,N,Y,N,5.0,N,N,N,N,Y,N
529,8460,Y,12,N,N,Y,Y,5.0,Y,Y,N,N,Y,N
531,8572,Y,7,N,Y,Y,N,4.0,N,Y,N,N,Y,Y
532,8580,Y,9,Y,Y,Y,Y,5.0,N,Y,Y,N,Y,Y
148,8640,y,3,n,y,n,n,3.0,n,y,n,n,n,n
149,8644,y,5,n,n,y,y,4.0,n,n,n,n,y,y
533,8687,Y,10,N,Y,Y,Y,4.0,N,Y,Y,N,Y,Y
534,8755,Y,7,N,N,N,N,5.0,N,N,N,N,Y,Y
150,8768,n,8,n,n,y,n,4.0,t,y,n,n,y,y
151,8769,n,4,n,n,n,n,4.0,n,n,n,n,n,y
535,8790,Y,4,N,N,N,N,5.0,N,N,N,N,N,Y
152,8836,n,8,n,n,n,n,4.0,y,n,n,n,n,y
153,8844,n,15,y,y,n,n,4.0,n,y,y,n,n,y
536,8851,Y,21,Y,Y,Y,N,5.0,N,Y,N,N,Y,N
154,8904,y,76,y,y,y,y,3.0,y,y,y,y,n,y
537,8955,Y,3,N,N,N,N,4.0,N,Y,N,N,Y,Y
690,898,Y,14,N,N,Y,N,2.0,Y,Y,N,N,Y,Y
538,9033,Y,4,N,N,N,N,2.0,N,N,N,N,Y,Y
689,904,Y,15,Y,N,Y,N,3.0,Y,Y,N,Y,N,Y
878,9065,Y,7,Y,N,N,N,2.0,N,N,N,N,Y,Y
879,9067,Y,9,N,N,N,N,3.0,Y,N,N,N,Y,Y
539,9070,Y,2,Y,Y,N,N,5.0,N,Y,N,N,Y,Y
880,9221,Y,6,Y,N,N,N,2.0,N,Y,Y,N,N,Y
181,9250,y,5,n,y,y,n,5.0,n,y,y,n,y,n
182,9258,y,5,n,y,y,y,3.0,n,y,n,y,n,n
881,9281,Y,29,Y,Y,Y,N,4.0,N,Y,Y,N,Y,Y
183,9295,n,1,n,n,n,n,5.0,n,n,n,n,n,n
184,9321,y,7,n,y,n,n,4.0,n,IO,n,n,n,n
882,9344,Y,6,N,N,N,N,2.0,N,Y,N,N,N,Y
883,9369,Y,51,Y,Y,Y,Y,4.0,N,Y,Y,Y,Y,Y
185,9391,y,3,n,n,n,n,5.0,n,n,n,n,n,n
186,9397,y,18,n,y,y,y,5.0,y,n,n,n,n,n
187,9481,y,5,n,y,y,y,4.0,y,n,n,n,n,y
775,955,Y,12,N,N,Y,N,4.0,N,N,N,N,N,Y
188,9584,y,2,n,n,n,y,3.0,n,y,n,n,n,n
884,9587,Y,13,N,N,Y,Y,3.0,Y,Y,Y,N,Y,Y
189,9675,y,5,n,n,n,n,3.0,n,n,n,n,n,n
190,9676,y,7,n,y,y,n,5.0,n,y,n,y,n,n
191,9740,y,6,n,n,n,n,3.0,n,IO,n,y,n,y
192,9755,y,2,n,n,n,n,2.0,n,y,n,y,n,y
193,9821,y,1,n,n,n,y,5.0,n,n,n,n,n,y
194,9958,y,7,y,y,y,y,4.0,y,y,n,y,n,y
920,EEC,Y,80,N,Y,Y,Y,4.0,N,N,Y,N,Y,N
921,ILO,Y,20,Y,Y,Y,Y,4.0,N,Y,Y,Y,N,Y
919,LoN,Y,12,Y,Y,Y,Y,3.0,N,Y,Y,Y,N,Y
